city,country,housing,cost_of_living,startups,venture_capital,travel_connectivity,commute,business_freedom,safety,healthcare,education,environmental_quality,economy,taxation,internet_access,leisure_and_culture,tolerance,outdoors,human_freedom,economic_freedom,personal_freedom,population,wikidata,lon,lat,max_temp,mean_temp,min_temp,precipitation
Aarhus,Denmark,169,225,213,124,114,6,4,6,17,58,78,155,103,14,236,1,176,4.0,5.0,8.0,269022.0,http://www.wikidata.org/entity/Q25319,10.209722222,56.156388888,11.4,7.7,3.8,725
Adelaide,Australia,159,203,196,112,192,104,17,83,81,76,42,86,136,190,208,82,61,11.0,6.0,17.0,1300000.0,http://www.wikidata.org/entity/Q5112,138.583333333,-34.933333333,22.4,17.35,12.3,0
Albuquerque,United States,106,107,158,177,217,135,69,266,165,147,93,16,151,133,178,144,207,23.0,7.0,33.0,559277.0,http://www.wikidata.org/entity/Q34804,-106.616666666,35.116666666,20.4,13.9,7.5,240.1
Almaty,Kazakhstan,23,18,233,193,72,35,215,123,241,198,215,145,9,232,240,172,64,107.0,49.0,119.0,1703500.0,http://www.wikidata.org/entity/Q35493,76.9,43.25,15.8,10.0,5.0,684
Amsterdam,Netherlands,239,228,27,31,5,12,64,55,83,30,81,147,106,179,16,49,93,9.0,17.0,10.0,851573.0,http://www.wikidata.org/entity/Q727,4.9,52.383333333,13.8,10.2,6.4,838.2
Anchorage,United States,190,238,214,193,197,170,69,254,200,165,10,16,118,155,233,137,88,23.0,7.0,33.0,300950.0,http://www.wikidata.org/entity/Q39450,-149.899166666,61.218333333,6.6,0.6999999999999997,-5.2,0
Ankara,Turkey,6,23,146,193,175,107,197,117,122,201,238,202,160,244,19,234,101,130.0,112.0,137.0,5270575.0,http://www.wikidata.org/entity/Q3640,32.866666666,39.866666666,17.9,12.0,6.4,402.2
Asheville,United States,178,156,173,193,239,251,69,205,139,165,36,16,179,164,164,86,234,23.0,7.0,33.0,89121.0,http://www.wikidata.org/entity/Q648501,-82.555833333,35.58,19.3,13.2,7.1,1157.6
Asuncion,Paraguay,26,20,240,193,264,139,244,156,225,241,209,198,11,260,120,140,209,72.0,78.0,83.0,524190.0,http://www.wikidata.org/entity/Q2933,-57.633333333,-25.3,28.4,22.7,18.2,0
Athens,Greece,34,88,120,133,102,116,193,171,113,191,216,233,174,245,36,181,21,57.0,85.0,49.0,664046.0,http://www.wikidata.org/entity/Q1524,23.716111111,37.979444444,23.3,19.1,15.0,0
Atlanta,United States,203,163,15,21,55,220,69,259,203,27,160,16,163,56,40,244,114,23.0,7.0,33.0,486290.0,http://www.wikidata.org/entity/Q23556,-84.390277777,33.756944444,22.1,16.9,11.7,1262.6
Auckland,New Zealand,213,216,112,106,233,156,1,146,55,82,46,115,80,42,204,110,38,2.0,4.0,11.0,1454300.0,http://www.wikidata.org/entity/Q37100,174.783333333,-36.85,19.0,15.1,11.3,0
Austin,United States,218,153,12,23,189,204,69,233,182,64,114,16,118,6,89,157,193,23.0,7.0,33.0,912791.0,http://www.wikidata.org/entity/Q16559,-97.733333333,30.3,26.5,20.75,15.0,871.9
Baku,Azerbaijan,10,11,223,193,168,84,209,37,258,241,244,213,85,261,109,169,154,131.0,119.0,128.0,2181800.0,http://www.wikidata.org/entity/Q9248,49.835183333,40.366655555,18.1,15.1,12.0,210
Baltimore,United States,208,186,265,54,106,146,217,262,125,36,161,16,179,154,265,204,188,23.0,7.0,33.0,622104.0,http://www.wikidata.org/entity/Q5092,-76.615,39.286388888,19.1,14.700000000000001,10.3,1038.5
Bangkok,Thailand,103,76,57,80,89,206,211,144,114,204,227,249,38,163,13,192,20,104.0,86.0,107.0,11069982.0,http://www.wikidata.org/entity/Q170919,100.871944444,12.923055555,31.3,27.8,25.0,0
Barcelona,Spain,156,106,31,37,46,55,168,118,29,83,223,178,215,59,20,103,40,31.0,28.0,35.0,1620809.0,http://www.wikidata.org/entity/Q1492,2.176944444,41.3825,21.2,18.2,15.1,571.9
Beijing,China,166,50,101,7,18,158,243,143,166,9,256,84,265,217,56,259,118,152.0,116.0,154.0,21710000.0,http://www.wikidata.org/entity/Q956,116.391388888,39.905,17.8,12.5,7.2,571.8
Beirut,Lebanon,141,94,178,193,233,165,236,165,191,221,262,226,13,255,231,242,195,121.0,154.0,101.0,361366.0,http://www.wikidata.org/entity/Q3820,35.513055555,33.886944444,24.2,20.9,17.7,825.5
Belfast,United Kingdom,96,114,172,173,90,111,35,102,52,100,40,119,65,121,174,193,249,20.0,22.0,23.0,336830.0,http://www.wikidata.org/entity/Q10686,-5.938333333,54.596666666,13.2,9.7,6.1,938.8
Belgrade,Serbia,24,35,100,132,170,70,220,175,204,232,181,261,174,206,97,113,107,69.0,84.0,72.0,1233796.0,http://www.wikidata.org/entity/Q3711,20.466666666,44.816666666,17.4,12.5,8.5,690.8
Belize City,Belize,215,249,245,193,255,256,251,195,224,241,257,222,34,209,263,154,261,73.0,118.0,63.0,57169.0,http://www.wikidata.org/entity/Q108223,-88.188611111,17.498611111,30.3,26.7,23.1,1891.6
Bengaluru,India,7,1,1,11,91,216,245,125,255,225,241,108,225,233,235,253,232,112.0,89.0,116.0,10535000.0,http://www.wikidata.org/entity/Q1355,77.597963,12.969907,29.6,24.4,19.2,0
Bergen,Norway,195,242,240,189,123,33,7,98,98,93,84,8,134,53,199,92,165,11.0,32.0,8.0,278556.0,http://www.wikidata.org/entity/Q26793,5.323333333,60.3925,11.5,8.7,5.9,2347.5
Berlin,Germany,154,141,14,17,17,10,24,129,77,16,122,133,204,168,14,130,71,18.0,25.0,18.0,3611222.0,http://www.wikidata.org/entity/Q64,13.383333333,52.516666666,14.0,9.7,5.9,0
Bern,Switzerland,204,244,219,193,56,118,59,17,99,61,13,12,44,84,213,35,235,1.0,3.0,2.0,141833.0,http://www.wikidata.org/entity/Q70,7.438611111,46.950833333,13.5,8.8,4.3,1059
Bilbao,Spain,125,133,225,193,87,50,168,36,1,160,44,178,215,108,119,28,246,31.0,28.0,35.0,345110.0,http://www.wikidata.org/entity/Q8692,-2.953333333,43.262222222,19.5,14.7,9.9,1122
Birmingham,United Kingdom,177,125,123,123,44,83,35,153,42,84,162,119,65,92,200,178,254,20.0,22.0,23.0,1123000.0,http://www.wikidata.org/entity/Q2256,-1.9,52.483333333,13.4,9.7,6.0,0
Birmingham,United States,142,171,123,189,219,239,69,265,151,165,113,16,163,142,149,224,255,23.0,7.0,33.0,212237.0,http://www.wikidata.org/entity/Q79867,-86.80249,33.52066,23.2,17.35,11.5,1364.5
Bogota,Colombia,35,27,71,182,186,141,181,191,180,207,198,169,261,231,111,38,5,91.0,99.0,94.0,8181047.0,http://www.wikidata.org/entity/Q2841,-74.080833333,4.598888888,19.5,14.5,9.0,1013
Boise,United States,119,87,134,116,230,115,69,242,131,165,59,16,179,219,215,149,97,23.0,7.0,33.0,205671.0,http://www.wikidata.org/entity/Q35775,-116.237777777,43.613611111,17.5,11.3,5.1,297.8
Bologna,Italy,100,165,194,179,103,76,186,122,21,141,168,227,254,24,132,91,244,33.0,44.0,32.0,388367.0,http://www.wikidata.org/entity/Q1891,11.342777777,44.493888888,18.3,13.6,8.8,671.3
Bordeaux,France,109,209,163,193,64,73,146,116,13,113,98,186,244,205,158,136,226,42.0,54.0,45.0,249712.0,http://www.wikidata.org/entity/Q1479,-0.5794444440000001,44.837777777,18.5,13.8,9.1,944.1
Boston,United States,260,222,9,1,125,200,69,95,138,3,52,16,179,110,21,43,56,23.0,7.0,33.0,655884.0,http://www.wikidata.org/entity/Q100,-71.061666666,42.357777777,14.8,10.8,6.7,1111.6
Boulder,United States,232,212,65,32,85,11,69,142,117,101,2,16,151,65,248,11,16,23.0,7.0,33.0,97385.0,http://www.wikidata.org/entity/Q192517,-105.292777777,40.019444444,18.5,10.85,3.2,520.9
Bozeman,United States,241,249,181,193,244,256,69,158,154,150,6,16,179,143,257,118,35,23.0,7.0,33.0,37280.0,http://www.wikidata.org/entity/Q569678,-111.047222222,45.677777777,14.4,6.9,-0.5,500.7
Bratislava,Slovakia,84,65,177,193,61,44,192,48,137,188,146,173,111,174,113,177,124,37.0,54.0,36.0,425923.0,http://www.wikidata.org/entity/Q1780,17.112777777,48.144722222,15.4,10.5,6.0,565
Brighton,United Kingdom,247,154,178,193,6,74,35,57,91,88,48,119,65,165,179,61,123,20.0,22.0,23.0,160000.0,http://www.wikidata.org/entity/Q131491,-0.133888888,50.824166666,13.7,10.95,8.2,851
Brisbane,Australia,198,166,48,88,157,181,17,85,39,35,22,86,136,187,220,101,29,11.0,6.0,17.0,2360241.0,http://www.wikidata.org/entity/Q34932,153.027777777,-27.467777777,26.5,21.4,16.3,0
Bristol,United Kingdom,197,162,138,73,61,91,35,82,44,47,136,119,65,57,226,107,149,20.0,22.0,23.0,442500.0,http://www.wikidata.org/entity/Q23154,-2.583333333,51.45,14.2,10.6,7.0,802.2
Brno,Czechia,65,57,207,193,150,42,183,51,63,137,151,175,78,41,152,67,200,18.0,17.0,21.0,379527.0,http://www.wikidata.org/entity/Q14960,16.608333333,49.195277777,13.3,8.7,4.4,490.3
Bucharest,Romania,28,36,84,185,116,132,207,27,199,197,225,199,36,2,74,27,236,38.0,19.0,48.0,1883425.0,http://www.wikidata.org/entity/Q19660,26.083333333,44.4,17.1,10.9,5.2,644
Budapest,Hungary,55,56,80,105,76,96,177,70,215,164,171,154,56,45,27,123,103,67.0,57.0,78.0,1752704.0,http://www.wikidata.org/entity/Q1781,19.040833333,47.498333333,15.3,11.3,7.8,532
Buenos Aires,Argentina,45,61,109,134,98,149,238,196,121,210,182,244,263,258,44,36,151,74.0,161.0,29.0,2890151.0,http://www.wikidata.org/entity/Q1486,-58.381944444,-34.599722222,22.7,17.9,13.6,1236.3
Buffalo,United States,114,164,147,109,212,235,69,134,159,139,43,16,196,46,209,109,141,23.0,7.0,33.0,258959.0,http://www.wikidata.org/entity/Q40435,-78.849444444,42.904722222,13.5,9.05,4.6,1028.3
Calgary,Canada,148,148,63,151,153,123,48,84,72,45,50,92,21,112,212,65,3,13.0,14.0,13.0,1239220.0,http://www.wikidata.org/entity/Q36312,-114.066666666,51.05,10.8,4.4,-1.9,418.8
Cambridge,United Kingdom,223,195,88,86,19,64,35,10,51,26,60,119,65,104,250,41,261,20.0,22.0,23.0,123867.0,http://www.wikidata.org/entity/Q350,0.12250000000000001,52.208055555,14.8,10.5,6.2,576.2
Cape Town,South Africa,130,55,76,68,169,221,226,219,245,222,127,245,95,118,187,250,13,77.0,99.0,77.0,433688.0,http://www.wikidata.org/entity/Q5465,18.425,-33.925,22.0,16.2,11.4,515
Caracas,Venezuela,206,9,202,193,230,188,263,226,249,241,251,259,173,253,205,232,181,163.0,165.0,152.0,1943901.0,http://www.wikidata.org/entity/Q1533,-66.933333333,10.5,24.9,21.1,17.4,0
Cardiff,United Kingdom,115,105,183,166,61,51,35,71,38,95,128,119,65,147,167,70,129,20.0,22.0,23.0,361468.0,http://www.wikidata.org/entity/Q10690,-3.18,51.48,14.6,10.8,7.0,1152.1
Casablanca,Morocco,43,26,199,193,134,207,210,168,242,241,252,237,230,249,245,256,187,136.0,99.0,147.0,4370000.0,http://www.wikidata.org/entity/Q7903,-7.62,33.599166666,21.9,18.0,15.1,0
Charleston,United States,216,233,99,154,222,180,69,234,134,165,95,16,179,85,95,203,114,23.0,7.0,33.0,127999.0,http://www.wikidata.org/entity/Q47716,-79.9325,32.776111111,24.5,18.8,13.1,1296
Charlotte,United States,187,185,52,99,104,210,69,218,163,165,62,16,179,63,140,157,250,23.0,7.0,33.0,731424.0,http://www.wikidata.org/entity/Q16565,-80.843333333,35.226944444,21.6,15.450000000000001,9.3,1057.5
Chattanooga,United States,128,102,150,141,239,254,69,239,185,165,104,16,118,15,217,226,194,23.0,7.0,33.0,173366.0,http://www.wikidata.org/entity/Q186702,-85.267222222,35.045555555,22.0,16.0,10.0,1332.9
Chiang Mai,Thailand,20,39,247,193,200,124,211,60,107,206,208,249,38,193,82,152,223,104.0,86.0,107.0,132634.0,http://www.wikidata.org/entity/Q52028,98.983333333,18.788888888,32.2,25.8,20.8,0
Chicago,United States,233,201,10,14,51,183,69,250,187,8,120,16,179,51,30,186,73,23.0,7.0,33.0,2722389.0,http://www.wikidata.org/entity/Q1297,-87.627777777,41.881944444,15.2,10.7,6.3,993
Chisinau,Moldova,14,17,202,193,207,82,218,105,231,211,199,205,53,134,244,168,222,59.0,69.0,57.0,685900.0,http://www.wikidata.org/entity/Q21197,28.8575,47.005555555,14.6,10.2,6.4,542
Christchurch,New Zealand,122,176,253,193,259,79,1,108,41,97,12,115,80,94,234,48,27,2.0,4.0,11.0,362000.0,http://www.wikidata.org/entity/Q79990,172.620277777,-43.53,16.8,11.6,6.4,0
Cincinnati,United States,140,103,58,110,182,168,69,235,175,130,107,16,196,55,115,216,203,23.0,7.0,33.0,296943.0,http://www.wikidata.org/entity/Q43196,-84.5,39.133333333,17.7,12.399999999999999,7.1,1080
Cleveland,United States,112,138,96,71,174,197,69,252,136,105,100,16,196,129,134,227,138,23.0,7.0,33.0,396815.0,http://www.wikidata.org/entity/Q37320,-81.669722222,41.482222222,15.3,10.75,6.2,994.1
Cluj-Napoca,Romania,29,29,178,159,193,34,207,12,162,196,140,199,36,11,247,31,169,38.0,19.0,48.0,324576.0,http://www.wikidata.org/entity/Q100188,23.559444444,46.78,14.2,8.7,4.2,594.4
Cologne,Germany,145,137,92,87,16,98,24,178,68,78,134,133,204,113,156,165,96,18.0,25.0,18.0,1075935.0,http://www.wikidata.org/entity/Q365,6.957777777,50.942222222,14.8,10.3,5.8,838.6
Colorado Springs,United States,146,150,131,145,235,247,69,216,213,165,35,16,151,93,227,14,7,23.0,7.0,33.0,416427.0,http://www.wikidata.org/entity/Q49258,-104.791944444,38.863333333,16.7,9.4,2.1,419
Columbus,United States,160,128,64,45,204,137,69,224,169,81,53,16,196,177,99,195,148,23.0,7.0,33.0,787033.0,http://www.wikidata.org/entity/Q16567,-82.983333333,39.983333333,16.9,11.85,6.8,998.4
Copenhagen,Denmark,220,236,54,52,31,7,4,22,78,67,47,155,103,35,67,16,137,4.0,5.0,8.0,602481.0,http://www.wikidata.org/entity/Q1748,12.568888888,55.676111111,12.2,9.2,6.2,522.6
Cork,Ireland,188,194,145,101,159,81,137,34,105,89,61,3,50,4,249,29,261,5.0,10.0,4.0,119230.0,http://www.wikidata.org/entity/Q36647,-8.473055555,51.9,12.9,9.9,6.9,1228
Curitiba,Brazil,18,42,208,143,255,144,257,201,210,219,75,253,233,230,61,80,230,80.0,114.0,76.0,1879355.0,http://www.wikidata.org/entity/Q4361,-49.271944444,-25.429722222,23.1,16.8,12.5,1483.5
Dallas,United States,193,104,28,46,71,195,69,243,196,127,124,16,118,60,62,217,155,23.0,7.0,33.0,1197816.0,http://www.wikidata.org/entity/Q16557,-96.7975,32.7825,25.0,19.55,14.1,954.3
Dar es Salaam,Tanzania,91,53,219,90,218,237,252,194,262,241,255,118,142,264,261,260,164,116.0,99.0,115.0,4715000.0,http://www.wikidata.org/entity/Q1960,39.283333333,-6.8,30.7,25.799999999999997,20.9,0
Delhi,India,9,7,8,10,49,227,245,186,257,228,253,108,225,214,136,255,257,112.0,89.0,116.0,26495000.0,http://www.wikidata.org/entity/Q1353,77.216666666,28.666666666,31.2,25.1,18.9,790
Denver,United States,228,175,30,30,83,191,69,217,186,165,106,16,151,132,108,78,1,23.0,7.0,33.0,649495.0,http://www.wikidata.org/entity/Q16554,-104.984722222,39.739166666,18.1,10.1,2.3,363.2
Des Moines,United States,126,92,208,164,228,238,69,148,140,165,26,16,151,111,117,44,220,23.0,7.0,33.0,203433.0,http://www.wikidata.org/entity/Q39709,-93.620833333,41.590833333,15.7,10.45,5.2,914.9
Detroit,United States,165,109,83,41,109,253,69,240,214,37,207,16,222,79,50,249,77,23.0,7.0,33.0,680250.0,http://www.wikidata.org/entity/Q12439,-83.0475,42.331666666,14.9,10.1,5.4,850.3
Doha,Qatar,251,98,219,193,146,182,166,11,103,209,211,1,1,224,192,221,158,129.0,76.0,148.0,1312947.0,http://www.wikidata.org/entity/Q3861,51.533333333,25.3,33.1,27.3,22.5,75.2
Dresden,Germany,83,110,235,175,113,142,24,58,32,77,56,133,204,120,93,114,140,18.0,25.0,18.0,547172.0,http://www.wikidata.org/entity/Q1731,13.733333333000001,51.033333333,13.3,9.4,5.6,664
Dubai,United Arab Emirates,245,144,36,58,74,208,155,19,172,199,152,2,1,229,190,211,41,127.0,49.0,153.0,2502715.0,http://www.wikidata.org/entity/Q612,55.309444444,25.269722222,33.3,27.8,22.4,110.7
Dusseldorf,Germany,161,170,184,139,24,110,24,72,76,121,88,133,204,113,191,77,87,18.0,25.0,18.0,613230.0,http://www.wikidata.org/entity/Q1718,6.8100000000000005,51.22889,14.9,11.1,7.2,0
Edinburgh,United Kingdom,179,173,139,83,57,26,35,56,23,31,73,119,65,140,59,75,102,20.0,22.0,23.0,464990.0,http://www.wikidata.org/entity/Q23436,-3.198888888,55.95,12.7,9.3,5.9,704.3
Edmonton,Canada,132,142,110,128,185,129,48,139,43,34,51,92,21,171,223,74,216,13.0,14.0,13.0,932546.0,http://www.wikidata.org/entity/Q2096,-113.5,53.5,9.3,4.2,-1.0,455.8
Eindhoven,Netherlands,164,172,173,96,65,16,64,23,22,79,24,147,106,26,207,9,143,9.0,17.0,10.0,227751.0,http://www.wikidata.org/entity/Q9832,5.484166666,51.434444444,14.5,10.3,5.8,763.1
Eugene,United States,135,182,201,156,242,65,69,192,150,143,49,16,196,166,239,17,206,23.0,7.0,33.0,156185.0,http://www.wikidata.org/entity/Q171224,-123.085555555,44.051944444,17.4,11.35,5.3,1170.9
Florence,Italy,129,205,238,193,82,17,186,81,54,155,154,227,254,186,23,162,242,33.0,44.0,32.0,382258.0,http://www.wikidata.org/entity/Q2044,11.254166666,43.771388888,20.4,14.9,9.3,872.6
Florianopolis,Brazil,33,44,262,193,263,163,257,181,226,219,180,253,233,228,155,89,46,80.0,114.0,76.0,477798.0,http://www.wikidata.org/entity/Q132997,-48.553047222000004,-27.593280555,24.2,20.4,17.4,1517.8
Fort Collins,United States,244,249,142,193,248,240,69,155,129,143,1,16,151,137,243,8,33,23.0,7.0,33.0,143986.0,http://www.wikidata.org/entity/Q490732,-105.083333333,40.566666666,17.6,10.05,2.5,409.6
Frankfurt,Germany,175,169,159,81,4,31,24,164,92,71,135,133,204,203,98,141,82,18.0,25.0,18.0,736414.0,http://www.wikidata.org/entity/Q1794,8.679722222,50.113611111,14.8,10.5,6.2,629.3
Fukuoka,Japan,226,249,257,165,35,256,134,5,3,46,66,216,59,175,127,122,54,16.0,12.0,19.0,1567189.0,http://www.wikidata.org/entity/Q26600,130.401944444,33.590277777,20.9,17.0,13.6,1612.5
Galway,Ireland,162,191,231,119,159,57,137,31,115,85,85,3,50,28,262,26,199,5.0,10.0,4.0,75529.0,http://www.wikidata.org/entity/Q129610,-9.0418,53.2729,13.8,10.5,7.4,1156.4
Gdansk,Poland,58,48,219,193,140,36,203,77,126,104,71,159,98,150,143,236,110,49.0,80.0,42.0,464254.0,http://www.wikidata.org/entity/Q1792,18.64637,54.35205,11.2,7.9,4.7,507.3
Geneva,Switzerland,259,244,106,93,42,21,59,63,102,73,30,12,44,13,159,34,18,1.0,3.0,2.0,198899.0,http://www.wikidata.org/entity/Q71,6.15,46.2,15.2,10.5,6.2,1006
Glasgow,United Kingdom,123,134,176,186,34,102,35,113,14,65,108,119,65,195,189,148,198,20.0,22.0,23.0,598830.0,http://www.wikidata.org/entity/Q4093,-4.27,55.87,12.9,9.55,6.2,0
Gothenburg,Sweden,134,179,197,68,107,25,9,124,62,96,31,103,238,74,221,179,147,6.0,33.0,1.0,590580.0,http://www.wikidata.org/entity/Q25287,11.980966694,57.671706102,11.1,7.6,4.1,874.8
Grenoble,France,98,221,217,163,92,77,146,203,6,109,149,186,244,210,237,222,142,42.0,54.0,45.0,160649.0,http://www.wikidata.org/entity/Q1289,5.726388888,45.186944444,16.1,11.200000000000001,6.3,934.3
Guadalajara,Mexico,15,14,127,193,199,202,200,183,118,212,229,220,158,201,45,63,210,98.0,64.0,109.0,1460148.0,http://www.wikidata.org/entity/Q9022,-103.3475,20.676666666,27.9,20.9,13.9,0
Guatemala City,Guatemala,44,47,228,171,260,255,229,193,239,241,218,214,10,239,161,133,175,71.0,31.0,95.0,2110100.0,http://www.wikidata.org/entity/Q1555,-90.531388888,14.622777777,25.5,20.45,15.4,0
Halifax,Canada,124,188,167,137,209,94,48,133,84,52,79,92,21,83,224,79,186,13.0,14.0,13.0,403131.0,http://www.wikidata.org/entity/Q2141,-63.571388888,44.647777777,11.2,6.6,1.9,1396.2
Hamburg,Germany,176,193,67,57,47,43,24,184,60,121,55,133,204,122,104,132,106,18.0,25.0,18.0,1810438.0,http://www.wikidata.org/entity/Q1055,10.0,53.55,12.7,9.0,5.2,0
Hanover,Germany,89,115,262,193,48,2,24,121,58,94,15,133,204,113,229,121,168,18.0,25.0,18.0,532864.0,http://www.wikidata.org/entity/Q1715,9.738611111,52.374444444,13.6,9.6,5.5,661.3
Helsinki,Finland,191,224,73,39,69,48,13,41,80,49,7,208,112,146,71,98,131,8.0,26.0,3.0,642045.0,http://www.wikidata.org/entity/Q1757,24.948611111,60.173333333,9.0,5.9,2.9,655
Ho Chi Minh,Vietnam,53,28,98,170,173,121,237,170,222,152,263,157,105,176,126,194,256,132.0,113.0,140.0,450000.0,http://www.wikidata.org/entity/Q21194,107.141666666,10.404166666,30.5,26.7,24.8,1437
Honolulu,United States,249,239,137,193,179,209,69,162,164,130,150,16,163,80,47,83,37,23.0,7.0,33.0,390738.0,http://www.wikidata.org/entity/Q18094,-157.826111111,21.308888888,29.1,25.4,21.6,0
Houston,United States,196,101,29,51,78,215,69,257,174,87,170,16,118,69,64,214,78,23.0,7.0,33.0,2195914.0,http://www.wikidata.org/entity/Q16555,-95.383055555,29.762777777,26.1,21.2,16.4,1387.9
Hyderabad,India,1,1,18,74,96,177,245,74,254,241,239,108,225,125,211,243,221,112.0,89.0,116.0,9305000.0,http://www.wikidata.org/entity/Q1361,78.466666666,17.366666666,32.2,26.7,20.5,0
Indianapolis,United States,163,146,78,61,201,154,69,248,192,165,148,16,179,96,55,153,189,23.0,7.0,33.0,863002.0,http://www.wikidata.org/entity/Q6346,-86.158055555,39.767777777,16.9,11.7,6.5,1077.9
Innsbruck,Austria,136,202,242,193,50,4,163,66,85,120,90,165,242,148,201,42,190,22.0,33.0,20.0,130894.0,http://www.wikidata.org/entity/Q1735,11.383333333,47.266666666,14.7,8.5,4.0,896.5
Istanbul,Turkey,30,30,39,147,45,213,197,159,128,200,226,202,160,216,1,247,48,130.0,112.0,137.0,14657434.0,http://www.wikidata.org/entity/Q406,28.960277777,41.01,17.5,14.4,10.8,817.4
Jacksonville,United States,150,152,126,121,210,248,69,251,189,165,105,16,118,81,137,206,113,23.0,7.0,33.0,880619.0,http://www.wikidata.org/entity/Q16568,-81.65,30.316666666,26.3,20.3,14.3,1330.6
Jakarta,Indonesia,49,40,75,25,155,229,240,147,248,216,246,167,48,181,32,264,10,85.0,66.0,99.0,9769000.0,http://www.wikidata.org/entity/Q3630,106.8,-6.166666666,30.1,26.7,23.3,1816
Johannesburg,South Africa,81,69,97,178,126,219,226,228,260,224,200,245,95,234,203,250,225,77.0,99.0,77.0,4434827.0,http://www.wikidata.org/entity/Q34647,28.050277777,-26.145,21.9,15.5,10.1,713
Kansas City,United States,137,123,215,78,188,241,69,241,160,165,64,16,179,18,92,223,174,23.0,7.0,33.0,459787.0,http://www.wikidata.org/entity/Q41819,-94.583333333,39.05,18.8,13.65,8.5,992.1
Karlsruhe,Germany,88,157,204,181,66,152,24,161,28,70,72,133,204,173,222,50,145,18.0,25.0,18.0,309999.0,http://www.wikidata.org/entity/Q1040,8.4,49.016666666,15.8,11.0,6.7,783.4
Kathmandu,Nepal,1,15,192,193,251,103,225,54,251,241,266,172,90,246,165,15,197,84.0,103.0,86.0,975453.0,http://www.wikidata.org/entity/Q3037,85.366666666,27.716666666000002,25.6,18.9,12.1,1454.9
Kiev,Ukraine,32,10,141,121,52,122,232,128,237,232,221,262,91,88,26,155,89,89.0,126.0,82.0,2935239.0,http://www.wikidata.org/entity/Q1899,30.523611111,50.45,12.5,8.4,4.9,621
Kingston,Jamaica,40,120,227,193,260,147,179,213,142,241,236,260,57,184,210,258,217,53.0,45.0,61.0,580000.0,http://www.wikidata.org/entity/Q34692,-76.8,17.983333333,31.4,27.15,22.9,813
Knoxville,United States,118,89,175,193,228,244,69,229,167,139,219,16,118,40,197,212,240,23.0,7.0,33.0,178874.0,http://www.wikidata.org/entity/Q185582,-83.95,35.966666666,20.8,15.05,9.3,1215.8
Krakow,Poland,60,37,114,148,133,63,203,52,127,103,184,159,98,106,37,230,166,49.0,80.0,42.0,766739.0,http://www.wikidata.org/entity/Q31487,19.95,50.066666666,12.9,8.7,4.5,670
Kuala Lumpur,Malaysia,50,45,77,56,110,201,162,204,208,194,213,82,55,130,63,265,49,82.0,49.0,101.0,7590000.0,http://www.wikidata.org/entity/Q1865,101.7,3.159722222,32.4,28.2,23.9,2628
Kyoto,Japan,230,249,260,193,21,231,134,1,4,28,137,216,59,212,31,88,243,16.0,12.0,19.0,1466937.0,http://www.wikidata.org/entity/Q34600,135.768055555,35.011666666,20.8,15.9,11.7,1491.3
Lagos,Nigeria,87,25,46,125,196,230,253,198,265,241,258,146,54,254,260,266,196,124.0,92.0,126.0,21324000.0,http://www.wikidata.org/entity/Q8673,3.4,6.45,30.8,26.8,22.8,1506.6
La Paz,Bolivia,212,249,254,193,232,222,250,172,246,241,259,171,141,257,259,180,64,98.0,123.0,88.0,757184.0,http://www.wikidata.org/entity/Q1491,-68.1475,-16.494166666,14.7,8.8,0.5,602.5
Las Palmas de Gran Canaria,Spain,69,64,252,193,81,256,168,21,2,160,119,178,215,72,241,2,60,31.0,28.0,35.0,377650.0,http://www.wikidata.org/entity/Q11974,-15.431388888,28.127222222,24.2,21.2,18.2,148.6
Las Vegas,United States,117,127,32,152,115,161,69,261,218,165,166,16,118,136,103,120,79,23.0,7.0,33.0,648224.0,http://www.wikidata.org/entity/Q23768,-115.144722222,36.169166666,26.7,20.7,14.8,106.4
Lausanne,Switzerland,225,244,155,84,27,38,59,78,109,24,23,12,44,199,214,47,90,1.0,3.0,2.0,144426.0,http://www.wikidata.org/entity/Q807,6.633333333,46.533333333,14.4,10.8,7.9,1152
Leipzig,Germany,73,121,218,193,79,19,24,127,110,121,17,133,204,116,194,128,133,18.0,25.0,18.0,591608.0,http://www.wikidata.org/entity/Q2079,12.383333333,51.333333333,13.7,9.4,5.5,534.4
Lille,France,96,149,189,130,37,233,146,154,5,119,203,186,244,207,162,126,233,42.0,54.0,45.0,232741.0,http://www.wikidata.org/entity/Q648,3.0575,50.631944444,14.5,10.8,7.1,742.5
Lima,Peru,47,38,152,172,177,166,224,223,216,232,247,238,43,240,86,188,76,56.0,37.0,68.0,8574974.0,http://www.wikidata.org/entity/Q2868,-77.033333333,-12.05,22.5,19.2,17.0,6.4
Lisbon,Portugal,131,79,62,89,86,106,142,62,88,111,139,223,177,62,38,5,52,24.0,42.0,21.0,506892.0,http://www.wikidata.org/entity/Q597,-9.166666666,38.716666666,21.3,17.4,13.5,0
Liverpool,United Kingdom,99,113,170,131,25,189,35,97,7,90,96,119,65,7,148,105,72,20.0,22.0,23.0,513441.0,http://www.wikidata.org/entity/Q24826,-3.0,53.416666666,13.1,10.2,7.2,836.6
Ljubljana,Slovenia,71,83,140,183,162,56,160,28,96,92,27,163,117,128,183,60,238,39.0,75.0,29.0,287000.0,http://www.wikidata.org/entity/Q437,14.516666666,46.05,15.6,10.9,6.6,1361
London,United Kingdom,260,227,1,5,2,95,35,130,73,2,167,119,65,99,7,170,83,20.0,22.0,23.0,8787892.0,http://www.wikidata.org/entity/Q84,-0.1275,51.507222222,15.2,11.3,7.4,601.7
Los Angeles,United States,255,210,1,1,93,228,132,209,202,3,185,16,133,127,11,146,14,23.0,7.0,33.0,3976322.0,http://www.wikidata.org/entity/Q65,-118.25,34.05,27.0,17.8,8.6,0
Louisville,United States,108,91,132,136,216,243,69,253,190,165,129,16,179,126,135,200,251,23.0,7.0,33.0,760026.0,http://www.wikidata.org/entity/Q43668,-85.760277777,38.254166666,19.8,14.5,9.2,1140.9
Luxembourg,Luxembourg,248,237,188,159,73,40,158,47,46,187,34,7,32,131,197,21,247,10.0,36.0,7.0,114303.0,http://www.wikidata.org/entity/Q1842,6.132777777,49.610555555,13.1,9.3,5.6,897
Lviv,Ukraine,8,1,135,193,100,86,232,88,236,241,183,262,91,149,69,163,159,89.0,126.0,82.0,758400.0,http://www.wikidata.org/entity/Q36036,24.0315,49.841888888,12.3,7.8,3.6,748
Lyon,France,139,220,115,94,39,120,146,135,19,107,131,186,244,3,121,173,84,42.0,54.0,45.0,506615.0,http://www.wikidata.org/entity/Q456,4.841388888,45.758888888,16.9,12.5,8.1,831.9
Madison,United States,180,99,143,98,238,88,69,120,119,56,4,16,163,153,202,76,162,23.0,7.0,33.0,236901.0,http://www.wikidata.org/entity/Q43788,-89.384444444,43.074722222,13.2,7.949999999999999,2.7,875.9
Madrid,Spain,152,95,265,48,43,109,168,92,8,126,165,178,215,70,10,87,30,31.0,28.0,35.0,3223000.0,http://www.wikidata.org/entity/Q2807,-3.7037899999999997,40.416775,17.9,12.4,6.9,474
Malaga,Spain,80,73,233,193,77,47,168,101,18,160,57,178,215,75,102,99,44,31.0,28.0,35.0,569002.0,http://www.wikidata.org/entity/Q8851,-4.416666666,36.716666666,23.3,18.5,13.7,535
Malmo,Sweden,105,139,165,111,67,61,9,180,47,158,14,103,238,17,251,215,153,6.0,33.0,1.0,312012.0,http://www.wikidata.org/entity/Q2211,13.021423031,55.593188589,12.6,9.1,5.6,602.2
Managua,Nicaragua,210,249,245,193,265,256,230,94,170,241,230,207,231,263,258,13,248,123.0,82.0,130.0,1028808.0,http://www.wikidata.org/entity/Q3274,-86.266666666,12.15,31.8,27.3,21.8,0
Manchester,United Kingdom,149,178,69,47,30,169,35,169,26,40,196,119,65,103,171,166,201,20.0,22.0,23.0,545500.0,http://www.wikidata.org/entity/Q18125,-2.233333333,53.466666666,13.5,10.0,6.5,828.9
Manila,Philippines,54,31,104,77,147,226,231,185,247,241,260,153,162,172,48,210,126,103.0,66.0,112.0,1780148.0,http://www.wikidata.org/entity/Q1461,121.0,14.583333333,31.3,28.4,25.5,0
Marseille,France,92,112,187,102,40,37,146,225,10,113,210,186,244,124,145,184,99,42.0,54.0,45.0,855393.0,http://www.wikidata.org/entity/Q23482,5.376388888,43.296666666,20.0,15.8,11.5,523.2
Medellin,Colombia,25,19,111,193,254,100,181,115,132,208,147,169,261,198,166,10,202,91.0,99.0,94.0,2529403.0,http://www.wikidata.org/entity/Q48278,-75.574827777,6.244747222,27.8,22.5,17.3,0
Melbourne,Australia,208,198,23,44,139,153,17,137,74,29,67,86,136,95,100,145,31,11.0,6.0,17.0,4529500.0,http://www.wikidata.org/entity/Q3141,144.961388888,-37.820555555,20.4,16.0,11.4,0
Memphis,United States,113,124,118,193,205,245,69,258,235,165,188,16,118,87,79,245,205,23.0,7.0,33.0,646889.0,http://www.wikidata.org/entity/Q16563,-89.971111111,35.1175,22.4,17.2,12.0,1363.5
Mexico City,Mexico,64,22,33,113,137,224,201,214,173,203,245,220,158,101,4,138,192,98.0,64.0,109.0,8918653.0,http://www.wikidata.org/entity/Q1489,-99.145555555,19.419444444,24.0,17.5,11.0,846.2
Miami,United States,240,213,26,43,88,214,69,244,201,118,142,16,118,102,88,189,81,23.0,7.0,33.0,417650.0,http://www.wikidata.org/entity/Q8652,-80.216666666,25.783333333,29.0,25.1,21.1,0
Milan,Italy,199,197,90,85,22,80,186,119,27,128,193,227,254,152,35,124,57,33.0,44.0,32.0,1351562.0,http://www.wikidata.org/entity/Q490,9.190336,45.464161,17.7,13.0,8.3,920.1
Milwaukee,United States,171,140,102,155,208,150,69,245,198,142,63,16,163,189,84,225,109,23.0,7.0,33.0,600155.0,http://www.wikidata.org/entity/Q37836,-87.95,43.05,13.0,8.7,4.4,882.9
Minneapolis,United States,211,180,43,38,112,148,69,231,141,68,41,16,179,68,81,119,104,23.0,7.0,33.0,400070.0,http://www.wikidata.org/entity/Q36091,-93.26384,44.97997,12.9,7.9,2.9,777.5
Minsk,Belarus,16,21,122,193,99,99,214,26,223,232,111,236,84,161,75,108,121,126.0,83.0,142.0,1974800.0,http://www.wikidata.org/entity/Q2280,27.561837,53.902246,10.6,6.7,3.1,690
Montevideo,Uruguay,72,97,210,142,245,108,156,199,145,205,189,174,116,248,175,3,100,36.0,68.0,25.0,1319108.0,http://www.wikidata.org/entity/Q1335,-56.166666666,-34.866944444,21.4,16.7,12.4,1101.2
Montreal,Canada,104,119,25,36,119,125,48,88,106,12,76,92,21,185,77,59,94,13.0,14.0,13.0,1704694.0,http://www.wikidata.org/entity/Q340,-73.561666666,45.508888888,11.5,6.8,2.0,1000.4
Moscow,Russia,143,51,94,70,3,187,219,114,240,108,172,239,63,52,15,254,105,119.0,94.0,123.0,12500123.0,http://www.wikidata.org/entity/Q649,37.617777777,55.755833333,8.9,5.0,1.2,0
Mumbai,India,76,8,7,29,54,218,245,107,256,226,254,108,225,220,172,248,43,112.0,89.0,116.0,12442373.0,http://www.wikidata.org/entity/Q1156,72.833333333,18.966666666000002,32.1,27.450000000000003,22.8,0
Munich,Germany,219,206,40,24,10,18,24,25,33,11,18,133,204,144,53,45,8,18.0,25.0,18.0,1464301.0,http://www.wikidata.org/entity/Q1726,11.5755,48.137194444,13.9,9.7,5.9,946
Nairobi,Kenya,41,43,61,49,161,212,254,200,261,232,234,177,102,250,246,263,185,100.0,78.0,104.0,5545000.0,http://www.wikidata.org/entity/Q3870,36.816666666,-1.283333333,24.5,17.8,11.1,1061.5
Nantes,France,90,182,186,139,60,22,146,104,25,116,92,186,244,160,206,139,229,42.0,54.0,45.0,303382.0,http://www.wikidata.org/entity/Q12191,-1.553888888,47.217222222,16.7,12.5,8.2,819.5
Naples,Italy,70,126,243,193,94,171,186,187,112,155,261,227,254,135,118,160,86,33.0,44.0,32.0,972212.0,http://www.wikidata.org/entity/Q2634,14.25,40.833333333,20.9,15.9,11.0,1006.6
Nashville,United States,217,129,59,76,184,194,69,232,207,99,110,16,118,50,73,156,253,23.0,7.0,33.0,668347.0,http://www.wikidata.org/entity/Q23197,-86.783888888,36.165,21.0,15.2,9.4,1200.2
New York,United States,260,241,1,1,23,78,69,145,195,7,174,16,196,39,1,164,47,23.0,7.0,33.0,8537673.0,http://www.wikidata.org/entity/Q60,-73.94,40.67,16.6,12.700000000000001,8.8,1268.4
Nice,France,147,215,199,115,28,13,146,131,36,116,138,186,244,58,184,176,62,42.0,54.0,45.0,342522.0,http://www.wikidata.org/entity/Q33959,7.268333333,43.701944444,19.6,16.0,12.3,733
Nicosia,Cyprus,51,93,181,193,206,85,165,75,135,195,220,242,19,235,76,97,239,28.0,38.0,27.0,330000.0,http://www.wikidata.org/entity/Q3856,33.35,35.166667,26.2,19.7,13.2,342.2
Oklahoma City,United States,107,90,136,193,222,136,69,238,205,165,80,16,163,25,150,191,177,23.0,7.0,33.0,591967.0,http://www.wikidata.org/entity/Q34863,-97.5352,35.4823,22.3,16.4,10.4,927.5
Omaha,United States,116,116,144,193,220,236,69,212,123,150,68,16,163,64,176,198,173,23.0,7.0,33.0,466893.0,http://www.wikidata.org/entity/Q43199,-96.016666666,41.266666666,16.6,10.6,4.6,777.8
Orlando,United States,181,158,42,126,97,203,69,247,206,165,125,16,118,159,124,199,157,23.0,7.0,33.0,277173.0,http://www.wikidata.org/entity/Q49233,-81.386666666,28.533611111,28.2,22.7,17.1,0
Osaka,Japan,86,196,225,146,33,113,133,1,16,44,169,216,59,211,58,129,98,16.0,12.0,19.0,2713157.0,http://www.wikidata.org/entity/Q35765,135.501944444,34.693611111,21.1,16.9,13.3,1279.1
Oslo,Norway,229,243,89,64,58,49,7,140,82,74,38,8,134,20,125,143,32,11.0,32.0,8.0,634463.0,http://www.wikidata.org/entity/Q585,10.752777777,59.911111111,9.8,6.3,2.8,802.8
Ottawa,Canada,138,111,60,114,211,93,48,61,75,51,9,92,21,67,116,30,92,13.0,14.0,13.0,934243.0,http://www.wikidata.org/entity/Q1930,-75.7,45.416666666,11.4,6.6,1.9,919.5
Oulu,Finland,231,249,236,118,144,14,13,59,93,49,20,208,112,109,256,51,108,8.0,26.0,3.0,200526.0,http://www.wikidata.org/entity/Q47048,25.466666666,65.016666666,6.4,2.7,-1.2,477
Oxford,United Kingdom,234,189,113,65,13,28,35,50,79,23,83,119,65,82,144,56,231,20.0,22.0,23.0,152000.0,http://www.wikidata.org/entity/Q34217,-1.257777777,51.751944444,14.5,10.7,6.9,659.2
Palo Alto,United States,265,249,22,6,128,234,69,103,154,165,123,16,143,38,265,46,241,23.0,7.0,33.0,64403.0,http://www.wikidata.org/entity/Q47265,-122.138055555,37.429166666,21.3,14.7,8.1,413
Panama,Panama,236,249,170,193,178,256,185,149,148,241,195,91,33,227,141,159,127,55.0,41.0,64.0,880691.0,http://www.wikidata.org/entity/Q3306,-79.5,9.0,33.8,26.9,20.0,0
Paris,France,235,231,11,20,1,105,146,190,49,15,197,186,244,1,5,207,160,42.0,54.0,45.0,2206488.0,http://www.wikidata.org/entity/Q90,2.351827777,48.856577777,16.0,12.4,8.8,637.4
Perth,Australia,194,199,91,92,171,172,17,141,67,75,54,86,136,197,196,104,53,11.0,6.0,17.0,2039200.0,http://www.wikidata.org/entity/Q3183,115.858888888,-31.952222222,24.7,18.1,11.5,0
Philadelphia,United States,221,217,34,40,111,211,69,256,158,32,176,16,222,32,24,197,179,23.0,7.0,33.0,1580863.0,http://www.wikidata.org/entity/Q1345,-75.163333333,39.953055555,18.1,13.2,8.3,1054.8
Phnom Penh,Cambodia,56,54,254,193,237,176,263,176,264,241,248,132,17,221,147,190,212,116.0,63.0,122.0,1501725.0,http://www.wikidata.org/entity/Q1850,104.916666666,11.55,32.9,28.3,24.0,0
Phoenix,United States,144,96,44,50,121,160,69,260,193,106,186,16,143,77,85,208,15,23.0,7.0,33.0,1469471.0,http://www.wikidata.org/entity/Q16556,-112.076388888,33.528333333,30.3,23.9,17.4,204
Pittsburgh,United States,174,199,45,75,197,205,69,236,171,25,118,16,222,10,80,112,183,23.0,7.0,33.0,305704.0,http://www.wikidata.org/entity/Q1342,-79.99589,40.44062,15.9,10.7,5.5,970
Portland,United States,266,249,166,193,248,242,69,188,229,165,77,16,179,215,232,55,116,23.0,7.0,33.0,583776.0,http://www.wikidata.org/entity/Q6106,-122.666666666,45.516666666,17.3,12.45,7.6,915.1
Portland,United States,222,192,38,33,167,151,69,227,177,138,37,16,196,91,109,62,26,23.0,7.0,33.0,583776.0,http://www.wikidata.org/entity/Q6106,-122.666666666,45.516666666,17.3,12.45,7.6,915.1
Porto,Portugal,77,72,129,161,130,89,142,99,53,112,112,223,177,182,139,6,36,24.0,42.0,21.0,237591.0,http://www.wikidata.org/entity/Q36433,-8.62672,41.15556,19.6,15.2,10.7,1236.8
Porto Alegre,Brazil,27,49,223,193,253,127,257,220,220,218,205,253,233,247,42,106,120,80.0,114.0,76.0,1484941.0,http://www.wikidata.org/entity/Q40269,-51.23,-30.032777777,25.2,19.6,15.5,1425.2
Prague,Czechia,101,70,68,135,53,39,183,42,86,136,115,175,78,86,25,57,122,18.0,17.0,21.0,1294513.0,http://www.wikidata.org/entity/Q1085,14.421388888,50.088611111,13.2,8.6,4.4,525.8
Providence,United States,236,249,160,189,131,232,69,163,154,66,159,16,163,8,225,100,258,23.0,7.0,33.0,178042.0,http://www.wikidata.org/entity/Q18383,-71.41283,41.82399,15.9,10.85,5.8,1198.5
Quebec,Canada,57,108,162,138,225,112,48,20,59,52,94,92,21,223,138,33,134,13.0,14.0,13.0,531902.0,http://www.wikidata.org/entity/Q2145,-71.224167,46.816111,9.2,4.2,-0.8,1189.8
Quito,Ecuador,36,59,211,193,255,162,256,150,168,241,204,212,18,218,182,20,64,70.0,106.0,65.0,2690150.0,http://www.wikidata.org/entity/Q2900,-78.509722222,-0.21861111100000002,21.4,15.6,9.8,1098.2
Raleigh,United States,170,136,79,42,194,164,69,182,143,14,32,16,179,21,94,94,215,23.0,7.0,33.0,439896.0,http://www.wikidata.org/entity/Q41087,-78.644722222,35.818888888000004,22.0,16.0,10.0,1100.7
Reykjavik,Iceland,243,244,193,100,246,87,22,43,64,157,29,144,149,47,168,7,130,7.0,20.0,5.0,124800.0,http://www.wikidata.org/entity/Q1764,-21.883333333,64.15,7.5,4.7,2.3,843.3
Richmond,United States,151,118,130,149,226,60,69,255,157,165,126,16,163,27,105,135,259,23.0,7.0,33.0,223170.0,http://www.wikidata.org/entity/Q43421,-77.466666666,37.533333333,20.9,14.899999999999999,8.9,1107.5
Riga,Latvia,38,74,125,180,158,101,167,106,217,154,117,201,83,100,41,151,62,15.0,16.0,16.0,698529.0,http://www.wikidata.org/entity/Q1773,24.106944444,56.9475,9.9,6.1,2.3,621.9
Rio De Janeiro,Brazil,66,62,103,127,214,186,239,220,238,217,232,253,237,243,18,202,34,80.0,114.0,76.0,6476631.0,http://www.wikidata.org/entity/Q8678,-43.196388888,-22.908333333,27.3,23.8,21.0,0
Riyadh,Saudi Arabia,48,60,163,152,156,167,195,109,197,231,228,10,1,200,128,257,261,159.0,86.0,163.0,8002100.0,http://www.wikidata.org/entity/Q3692,46.71,24.65,33.3,26.8,20.1,0
Rochester,United States,133,145,128,176,224,246,69,202,194,110,157,16,196,123,153,196,161,23.0,7.0,33.0,210565.0,http://www.wikidata.org/entity/Q49218,-77.611388888,43.165555555,13.9,8.95,4.0,870.4
Rome,Italy,186,155,108,188,29,190,186,179,87,146,202,227,254,183,12,183,24,33.0,44.0,32.0,2873494.0,http://www.wikidata.org/entity/Q220,12.482777777,41.893055555,20.4,15.2,10.0,804.3
Rotterdam,Netherlands,173,190,119,103,7,27,64,68,37,121,109,147,106,98,146,54,167,9.0,17.0,10.0,631155.0,http://www.wikidata.org/entity/Q34370,4.47917,51.9225,14.0,10.3,6.4,855.6
Saint Petersburg,Russia,63,32,95,193,41,179,216,91,234,129,201,239,58,117,6,239,79,119.0,94.0,123.0,5351935.0,http://www.wikidata.org/entity/Q656,30.316666666,59.95,9.1,5.8,2.7,662
Salt Lake City,United States,168,100,49,22,143,184,69,210,184,130,144,16,163,44,123,32,17,23.0,7.0,33.0,186440.0,http://www.wikidata.org/entity/Q23337,-111.883333333,40.75,17.6,11.5,5.4,408.9
San Antonio,United States,153,85,85,79,201,140,69,246,179,147,145,16,118,19,90,182,213,23.0,7.0,33.0,1436697.0,http://www.wikidata.org/entity/Q975,-98.493333333,29.428611111,26.8,20.8,14.8,819.8
San Diego,United States,242,168,20,13,148,199,69,157,153,48,97,16,143,90,28,40,23,23.0,7.0,33.0,1394928.0,http://www.wikidata.org/entity/Q16552,-117.1625,32.715,20.9,17.549999999999997,14.2,0
San Francisco,United States,260,240,1,1,108,173,69,208,161,3,133,16,143,119,8,69,12,23.0,7.0,33.0,805235.0,http://www.wikidata.org/entity/Q62,-122.433333,37.766667,17.7,14.1,10.4,0
San Jose,Costa Rica,74,84,155,193,243,222,196,173,104,212,173,204,88,259,78,19,228,35.0,29.0,39.0,288054.0,http://www.wikidata.org/entity/Q3070,-84.083333333,9.933333333,28.4,22.6,18.7,1971
San Luis Obispo,United States,254,249,154,95,247,250,69,76,212,165,86,16,143,22,242,4,245,23.0,7.0,33.0,45119.0,http://www.wikidata.org/entity/Q49012,-120.663055555,35.274166666,20.5,15.0,9.4,587
San Salvador,El Salvador,46,63,250,193,250,174,228,215,221,241,265,247,89,251,180,187,237,91.0,64.0,104.0,567698.0,http://www.wikidata.org/entity/Q3110,-89.19,13.69,30.1,23.1,18.4,1734
Santiago,Chile,61,75,53,189,151,72,159,152,116,193,191,215,7,266,49,131,64,32.0,33.0,34.0,6123491.0,http://www.wikidata.org/entity/Q2887,-70.666666666,-33.45,22.1,14.2,7.1,281.9
Santo Domingo,Dominican Republic,22,52,238,193,252,185,234,206,233,232,250,83,87,196,130,220,214,52.0,48.0,56.0,2581827.0,http://www.wikidata.org/entity/Q34820,-69.893333333,18.476388888,30.4,25.9,21.5,0
Sao Paulo,Brazil,67,58,41,55,163,198,257,220,227,215,242,253,233,222,17,150,11,80.0,114.0,76.0,12106920.0,http://www.wikidata.org/entity/Q174,-46.633947222,-23.550394444,24.9,18.6,13.6,0
Sarajevo,Bosnia and Herzegovina,13,33,230,193,241,54,261,136,152,241,222,258,6,169,122,85,227,63.0,89.0,55.0,275524.0,http://www.wikidata.org/entity/Q11194,18.416666666,43.866666666,15.8,10.1,5.4,927
Saskatoon,Canada,111,180,198,193,236,46,48,177,100,62,74,92,21,158,264,116,261,13.0,14.0,13.0,246376.0,http://www.wikidata.org/entity/Q10566,-106.683333333,52.133333333,8.6,2.6,-3.5,353.7
Seattle,United States,250,229,19,19,136,192,69,211,178,38,82,16,118,156,34,66,9,23.0,7.0,33.0,608660.0,http://www.wikidata.org/entity/Q5083,-122.33207,47.60621,15.7,11.4,7.2,952.4
Seoul,South Korea,167,230,87,59,36,53,141,64,24,19,121,107,41,29,29,235,45,30.0,43.0,26.0,9806538.0,http://www.wikidata.org/entity/Q8684,127.0,37.583333333,17.0,12.5,8.6,1450.6
Seville,Spain,78,80,261,193,118,71,168,29,45,135,102,178,215,75,52,12,224,31.0,28.0,35.0,689434.0,http://www.wikidata.org/entity/Q8717,-5.983333333,37.383333333,25.4,19.2,13.0,539
Shanghai,China,182,78,70,8,20,131,242,132,188,39,240,84,264,236,91,261,50,152.0,116.0,154.0,23390000.0,http://www.wikidata.org/entity/Q8686,121.466666666,31.166666666,20.6,17.1,14.1,1166.1
Singapore,Singapore,253,234,13,12,132,92,6,4,95,6,65,6,4,12,51,174,39,44.0,2.0,81.0,5888926.0,http://www.wikidata.org/entity/Q334,103.8,1.3,31.5,27.5,24.7,0
Skopje,Macedonia,11,24,204,193,203,52,175,126,147,232,243,197,5,180,112,240,219,47.0,61.0,47.0,506926.0,http://www.wikidata.org/entity/Q384,21.433333333,41.983333333,18.8,12.4,6.2,484
Sofia,Bulgaria,21,34,107,91,145,66,222,112,219,202,178,235,8,66,157,161,184,41.0,23.0,50.0,1286383.0,http://www.wikidata.org/entity/Q472,23.333333333,42.7,16.7,11.3,6.2,0
St. Louis,United States,120,143,82,62,152,130,69,249,144,69,89,16,179,9,46,238,125,23.0,7.0,33.0,318416.0,http://www.wikidata.org/entity/Q38022,-90.2,38.616666666,19.0,13.9,8.8,1040.3
Stockholm,Sweden,207,219,51,27,32,58,9,160,69,21,19,103,238,30,87,205,156,6.0,33.0,1.0,935619.0,http://www.wikidata.org/entity/Q1754,18.068611111,59.329444444,10.7,7.6,4.5,528
Stuttgart,Germany,157,131,161,157,38,9,24,67,89,80,101,133,204,145,142,95,191,18.0,25.0,18.0,628032.0,http://www.wikidata.org/entity/Q1022,9.1775,48.776111111,14.5,9.4,4.9,718.7
Sydney,Australia,252,223,17,26,122,155,17,110,71,20,70,86,136,167,107,142,28,11.0,6.0,17.0,4840600.0,http://www.wikidata.org/entity/Q3130,151.2,-33.866666666,22.5,18.6,14.5,0
Taipei,Taiwan,82,132,81,107,154,69,140,8,209,43,143,11,20,138,57,68,59,14.0,24.0,12.0,2684567.0,http://www.wikidata.org/entity/Q1867,121.633333333,25.033333333,26.6,23.0,20.4,0
Tallinn,Estonia,62,81,85,35,180,29,144,13,108,59,69,195,93,139,72,81,152,3.0,8.0,6.0,430805.0,http://www.wikidata.org/entity/Q1770,24.745,59.437222222,9.5,5.9,2.4,703
Tampa,United States,183,161,47,67,135,249,69,237,149,130,87,16,118,36,101,213,69,23.0,7.0,33.0,347645.0,http://www.wikidata.org/entity/Q49255,-82.464722222,27.970833333,27.6,23.0,18.4,0
Tampere,Finland,121,207,229,120,138,5,13,40,40,55,21,208,112,105,216,53,146,8.0,26.0,3.0,225118.0,http://www.wikidata.org/entity/Q40840,23.760833333,61.498055555,8.4,4.4,0.30000000000000004,598
Tartu,Estonia,37,71,216,193,221,3,144,14,30,54,5,195,93,191,219,102,208,3.0,8.0,6.0,93687.0,http://www.wikidata.org/entity/Q13972,26.7225,58.38,9.7,5.8,2.1,670
Tbilisi,Georgia,17,12,194,193,165,62,157,9,232,223,235,185,14,202,177,58,70,43.0,15.0,59.0,1118035.0,http://www.wikidata.org/entity/Q994,44.783333333,41.716666666,18.9,13.3,9.3,495.5
Tehran,Iran,68,13,121,193,127,225,235,166,228,230,237,206,195,256,96,241,64,162.0,159.0,160.0,8846782.0,http://www.wikidata.org/entity/Q3616,51.416666666,35.7,20.4,15.45,10.5,429
Tel Aviv,Israel,205,218,35,9,120,138,176,79,35,159,153,152,35,238,154,209,74,62.0,49.0,73.0,432892.0,http://www.wikidata.org/entity/Q33935,34.8,32.083333333,24.0,20.3,16.4,0
The Hague,Netherlands,172,204,153,187,12,134,64,35,48,121,45,147,106,54,169,39,119,9.0,17.0,10.0,515880.0,http://www.wikidata.org/entity/Q36600,4.3175,52.084166666,13.5,10.2,6.6,841.2
Thessaloniki,Greece,19,86,190,193,164,32,193,80,101,190,231,233,174,237,43,96,139,57.0,85.0,49.0,315196.0,http://www.wikidata.org/entity/Q17151,22.95,40.633333333,20.7,16.1,11.5,440.3
Tokyo,Japan,185,235,50,60,8,20,136,1,12,17,155,216,59,162,9,127,19,16.0,12.0,19.0,13784212.0,http://www.wikidata.org/entity/Q1490,139.77,35.68,19.8,15.4,11.6,1528.8
Toronto,Canada,214,159,6,18,80,175,48,100,66,10,103,92,21,188,39,73,58,13.0,14.0,13.0,2731571.0,http://www.wikidata.org/entity/Q172,-79.4,43.7,12.9,9.4,5.8,831.2
Toulouse,France,94,211,169,150,59,133,146,151,11,113,177,186,244,170,218,90,218,42.0,54.0,45.0,471941.0,http://www.wikidata.org/entity/Q7880,1.443888888,43.604444444,18.5,13.8,9.1,638.3
Tunis,Tunisia,5,6,206,193,149,67,178,65,181,232,233,241,253,265,131,228,85,113.0,128.0,103.0,1200000.0,http://www.wikidata.org/entity/Q3572,10.18,36.800833333,24.8,19.6,15.2,465.5
Turin,Italy,79,135,190,193,129,68,186,189,34,153,212,227,254,242,68,201,51,33.0,44.0,32.0,889600.0,http://www.wikidata.org/entity/Q495,7.7,45.066666666,17.1,12.0,7.0,981
Turku,Finland,95,177,244,168,124,1,13,18,15,60,16,208,112,48,163,84,150,8.0,26.0,3.0,187604.0,http://www.wikidata.org/entity/Q38511,22.27,60.451666666,9.3,5.5,1.7000000000000002,723
Uppsala,Sweden,110,147,258,193,70,24,9,86,57,72,33,103,238,97,230,147,211,6.0,33.0,1.0,156854.0,http://www.wikidata.org/entity/Q25286,17.638946597,59.849760548,10.3,6.5,2.4,575.7
Utrecht,Netherlands,189,208,149,158,9,23,64,46,31,42,58,147,106,49,151,37,136,9.0,17.0,10.0,343779.0,http://www.wikidata.org/entity/Q803,5.115555555,52.088888888,14.1,10.1,6.0,832.5
Valencia,Spain,75,82,249,117,117,45,168,93,9,134,156,178,215,5,66,72,25,31.0,28.0,35.0,787808.0,http://www.wikidata.org/entity/Q8818,-0.375,39.466666666,22.8,18.3,13.8,475
Vancouver,Canada,224,160,24,34,141,145,48,111,70,18,39,92,21,178,133,52,6,13.0,14.0,13.0,631486.0,http://www.wikidata.org/entity/Q24639,-123.1,49.25,13.9,10.4,6.8,1189
Victoria,Canada,183,130,116,108,213,114,48,90,94,57,8,92,21,73,195,23,163,13.0,14.0,13.0,80032.0,http://www.wikidata.org/entity/Q2132,-123.3657,48.422151,13.5,10.3,7.1,607.6
Vienna,Austria,157,174,66,72,11,8,163,49,50,91,11,165,242,78,22,18,95,22.0,33.0,20.0,1840573.0,http://www.wikidata.org/entity/Q1741,16.373064,48.20833,15.4,11.4,8.3,547.9
Vilnius,Lithuania,52,68,133,104,172,30,161,33,176,163,25,164,42,23,160,111,180,17.0,12.0,24.0,574147.0,http://www.wikidata.org/entity/Q216,25.283333333,54.683333333,10.6,6.7,2.8,682.4
Warsaw,Poland,85,46,56,162,95,117,203,39,124,102,141,159,98,89,54,229,117,49.0,80.0,42.0,1753977.0,http://www.wikidata.org/entity/Q270,21.033333333,52.216666666,12.6,8.5,4.6,529
Washington,United States,257,232,16,16,75,196,69,263,183,33,116,16,179,208,1,171,111,23.0,7.0,33.0,672228.0,http://www.wikidata.org/entity/Q61,-77.036666666,38.895,19.3,14.5,9.7,1009.3
Wellington,New Zealand,200,167,232,169,258,15,1,69,65,97,3,115,80,141,193,64,22,2.0,4.0,11.0,398300.0,http://www.wikidata.org/entity/Q23661,174.777222222,-41.288888888,16.6,13.6,10.6,0
Winnipeg,Canada,93,122,157,193,215,128,48,197,90,62,163,92,21,157,188,167,170,13.0,14.0,13.0,705244.0,http://www.wikidata.org/entity/Q2135,-97.15,49.883333,8.7,3.0,-2.7,521.2
Yerevan,Armenia,12,16,148,193,191,59,180,32,230,241,194,225,14,204,186,115,2,26.0,11.0,37.0,1075800.0,http://www.wikidata.org/entity/Q1953,44.514444444,40.181388888,18.9,12.4,6.6,296
Zagreb,Croatia,39,77,117,167,176,159,202,44,111,189,91,252,16,151,170,71,128,40.0,61.0,37.0,790017.0,http://www.wikidata.org/entity/Q1435,15.95,45.8,15.8,10.7,5.9,840
Zurich,Switzerland,256,244,55,63,14,41,59,24,97,13,28,12,44,34,173,22,75,1.0,3.0,2.0,415682.0,http://www.wikidata.org/entity/Q72,8.54,47.378611111,14.4,10.9,7.9,1152
